{
  "n_estimators": 455,
  "max_depth": 6,
  "learning_rate": 0.1787481593111542,
  "subsample": 0.8158719352309263,
  "colsample_bytree": 0.6503817638863385,
  "min_child_weight": 1,
  "gamma": 0.6919866419979217
}