{
  "n_estimators": 369,
  "max_depth": 8,
  "learning_rate": 0.2586728561088445,
  "subsample": 0.6285003549143993,
  "colsample_bytree": 0.7696363894573159,
  "min_child_weight": 5,
  "gamma": 2.095947129307997
}