{
  "n_estimators": 354,
  "max_depth": 8,
  "learning_rate": 0.2984797247186391,
  "subsample": 0.8922867929837618,
  "colsample_bytree": 0.6010807595833223,
  "min_child_weight": 5,
  "gamma": 0.3053547659269517
}